{"root":[{"assemblyName":"Assembly-CSharp","nameSpace":"FishNet.Serializing.Generated","className":"GeneratedComparers___Internal","methodName":"InitializeOnce","loadTypes":0,"isUnityClass":false},{"assemblyName":"Assembly-CSharp","nameSpace":"FishNet.Serializing.Generated","className":"GeneratedWriters___Internal","methodName":"InitializeOnce","loadTypes":0,"isUnityClass":false},{"assemblyName":"Assembly-CSharp","nameSpace":"FishNet.Serializing.Generated","className":"GeneratedReaders___Internal","methodName":"InitializeOnce","loadTypes":0,"isUnityClass":false},{"assemblyName":"FishNet.Demos","nameSpace":"FishNet.Serializing.Generated","className":"GeneratedComparers___Internal","methodName":"InitializeOnce","loadTypes":0,"isUnityClass":false},{"assemblyName":"FishNet.Demos","nameSpace":"FishNet.Serializing.Generated","className":"GeneratedWriters___Internal","methodName":"InitializeOnce","loadTypes":0,"isUnityClass":false},{"assemblyName":"FishNet.Demos","nameSpace":"FishNet.Serializing.Generated","className":"GeneratedReaders___Internal","methodName":"InitializeOnce","loadTypes":0,"isUnityClass":false},{"assemblyName":"FishNet.Runtime","nameSpace":"FishNet.Serializing.Generated","className":"GeneratedComparers___Internal","methodName":"InitializeOnce","loadTypes":0,"isUnityClass":false},{"assemblyName":"FishNet.Runtime","nameSpace":"FishNet.Serializing.Generated","className":"GeneratedWriters___Internal","methodName":"InitializeOnce","loadTypes":0,"isUnityClass":false},{"assemblyName":"FishNet.Runtime","nameSpace":"FishNet.Serializing.Generated","className":"GeneratedReaders___Internal","methodName":"InitializeOnce","loadTypes":0,"isUnityClass":false},{"assemblyName":"Genesis.Bootstrap","nameSpace":"FishNet.Serializing.Generated","className":"GeneratedComparers___Internal","methodName":"InitializeOnce","loadTypes":0,"isUnityClass":false},{"assemblyName":"Genesis.Bootstrap","nameSpace":"FishNet.Serializing.Generated","className":"GeneratedWriters___Internal","methodName":"InitializeOnce","loadTypes":0,"isUnityClass":false},{"assemblyName":"Genesis.Bootstrap","nameSpace":"FishNet.Serializing.Generated","className":"GeneratedReaders___Internal","methodName":"InitializeOnce","loadTypes":0,"isUnityClass":false},{"assemblyName":"Genesis.Core","nameSpace":"FishNet.Serializing.Generated","className":"GeneratedComparers___Internal","methodName":"InitializeOnce","loadTypes":0,"isUnityClass":false},{"assemblyName":"Genesis.Core","nameSpace":"FishNet.Serializing.Generated","className":"GeneratedWriters___Internal","methodName":"InitializeOnce","loadTypes":0,"isUnityClass":false},{"assemblyName":"Genesis.Core","nameSpace":"FishNet.Serializing.Generated","className":"GeneratedReaders___Internal","methodName":"InitializeOnce","loadTypes":0,"isUnityClass":false},{"assemblyName":"Genesis.Data","nameSpace":"FishNet.Serializing.Generated","className":"GeneratedComparers___Internal","methodName":"InitializeOnce","loadTypes":0,"isUnityClass":false},{"assemblyName":"Genesis.Data","nameSpace":"FishNet.Serializing.Generated","className":"GeneratedWriters___Internal","methodName":"InitializeOnce","loadTypes":0,"isUnityClass":false},{"assemblyName":"Genesis.Data","nameSpace":"FishNet.Serializing.Generated","className":"GeneratedReaders___Internal","methodName":"InitializeOnce","loadTypes":0,"isUnityClass":false},{"assemblyName":"Genesis.Presentation","nameSpace":"FishNet.Serializing.Generated","className":"GeneratedComparers___Internal","methodName":"InitializeOnce","loadTypes":0,"isUnityClass":false},{"assemblyName":"Genesis.Presentation","nameSpace":"FishNet.Serializing.Generated","className":"GeneratedWriters___Internal","methodName":"InitializeOnce","loadTypes":0,"isUnityClass":false},{"assemblyName":"Genesis.Presentation","nameSpace":"FishNet.Serializing.Generated","className":"GeneratedReaders___Internal","methodName":"InitializeOnce","loadTypes":0,"isUnityClass":false},{"assemblyName":"Genesis.Simulation","nameSpace":"FishNet.Serializing.Generated","className":"GeneratedComparers___Internal","methodName":"InitializeOnce","loadTypes":0,"isUnityClass":false},{"assemblyName":"Genesis.Simulation","nameSpace":"FishNet.Serializing.Generated","className":"GeneratedWriters___Internal","methodName":"InitializeOnce","loadTypes":0,"isUnityClass":false},{"assemblyName":"Genesis.Simulation","nameSpace":"FishNet.Serializing.Generated","className":"GeneratedReaders___Internal","methodName":"InitializeOnce","loadTypes":0,"isUnityClass":false},{"assemblyName":"Unity.AI.Navigation","nameSpace":"Unity.AI.Navigation","className":"NavMeshLink","methodName":"ClearTrackedList","loadTypes":1,"isUnityClass":true},{"assemblyName":"Unity.AI.Navigation","nameSpace":"Unity.AI.Navigation","className":"NavMeshModifier","methodName":"ClearNavMeshModifiers","loadTypes":1,"isUnityClass":true},{"assemblyName":"Unity.AI.Navigation","nameSpace":"Unity.AI.Navigation","className":"NavMeshModifierVolume","methodName":"ClearNavMeshModifiers","loadTypes":1,"isUnityClass":true},{"assemblyName":"Unity.AI.Navigation","nameSpace":"Unity.AI.Navigation","className":"NavMeshSurface","methodName":"ClearNavMeshSurfaces","loadTypes":1,"isUnityClass":true},{"assemblyName":"Unity.Burst","nameSpace":"","className":"$BurstDirectCallInitializer","methodName":"Initialize","loadTypes":2,"isUnityClass":true},{"assemblyName":"Unity.Collections","nameSpace":"","className":"__JobReflectionRegistrationOutput__1652832624114795843","methodName":"EarlyInit","loadTypes":2,"isUnityClass":true},{"assemblyName":"Unity.Collections","nameSpace":"","className":"$BurstDirectCallInitializer","methodName":"Initialize","loadTypes":2,"isUnityClass":true},{"assemblyName":"Unity.InputSystem","nameSpace":"UnityEngine.InputSystem","className":"InputSystem","methodName":"RunInitializeInPlayer","loadTypes":4,"isUnityClass":true},{"assemblyName":"Unity.InputSystem","nameSpace":"UnityEngine.InputSystem","className":"InputSystem","methodName":"RunInitialUpdate","loadTypes":1,"isUnityClass":true},{"assemblyName":"Unity.InputSystem","nameSpace":"UnityEngine.InputSystem.UI","className":"InputSystemUIInputModule","methodName":"ResetDefaultActions","loadTypes":4,"isUnityClass":true},{"assemblyName":"Unity.InputSystem.ForUI","nameSpace":"UnityEngine.InputSystem.Plugins.InputForUI","className":"InputSystemProvider","methodName":"Bootstrap","loadTypes":4,"isUnityClass":true},{"assemblyName":"Unity.RenderPipelines.Core.Runtime","nameSpace":"UnityEngine.Experimental.Rendering","className":"XRSystem","methodName":"XRSystemInit","loadTypes":3,"isUnityClass":true},{"assemblyName":"Unity.RenderPipelines.Core.Runtime","nameSpace":"UnityEngine.Rendering","className":"DebugUpdater","methodName":"RuntimeInit","loadTypes":0,"isUnityClass":true},{"assemblyName":"Unity.RenderPipelines.GPUDriven.Runtime","nameSpace":"","className":"__JobReflectionRegistrationOutput__15867191014387474753","methodName":"EarlyInit","loadTypes":2,"isUnityClass":true},{"assemblyName":"Unity.RenderPipelines.GPUDriven.Runtime","nameSpace":"","className":"$BurstDirectCallInitializer","methodName":"Initialize","loadTypes":2,"isUnityClass":true},{"assemblyName":"Unity.RenderPipelines.Universal.2D.Runtime","nameSpace":"","className":"$BurstDirectCallInitializer","methodName":"Initialize","loadTypes":2,"isUnityClass":true},{"assemblyName":"Unity.UnifiedRayTracing.Runtime","nameSpace":"","className":"__JobReflectionRegistrationOutput__1874814860780562806","methodName":"EarlyInit","loadTypes":2,"isUnityClass":true},{"assemblyName":"Unity.VisualScripting.Core","nameSpace":"Unity.VisualScripting","className":"RuntimeVSUsageUtility","methodName":"RuntimeInitializeOnLoadBeforeSceneLoad","loadTypes":1,"isUnityClass":true}]}
